{
  "model": "Baseline (Naive Forecast)",
  "mae": 534.88,
  "rmse": 900.4430909280164,
  "r2": 0.7046171717919145
}