{
  "model": "XGBoost",
  "train_mae": 265.9361631523058,
  "train_rmse": 457.24707944305385,
  "train_r2": 0.8508553504943848,
  "test_mae": 521.1043548583984,
  "test_rmse": 851.8123232215671,
  "test_r2": 0.7250878810882568,
  "improvement_over_baseline": 2.5754646166619724
}